AminoAcid	Property	Color	Frequency	Counts
C	sulfur	yellow	0.0004	257
W	aromatic	black	0.0071	4099
M	sulfur	yellow	0.0094	5444
H	basic	blue	0.0105	6069
K	basic	blue	0.0227	13089
I	aliphatic	grey	0.0268	15449
P	aliphatic	grey	0.0317	18246
V	aliphatic	grey	0.0362	20887
F	aromatic	black	0.0364	20982
D	acidic	red	0.0378	21765
R	basic	blue	0.0379	21856
N	amide	white	0.0491	28297
E	acidic	red	0.0578	33317
L	aliphatic	grey	0.0651	37533
Q	amide	white	0.0665	38349
Y	aromatic	black	0.0672	38743
T	small_hydroxy	green	0.076	43829
A	aliphatic	grey	0.0763	43976
G	aliphatic	grey	0.1319	76035
S	small_hydroxy	green	0.1529	88119
